{"matrix": [[0.9796103131299191, 0.20090702926851434, 0.0, -18.30071487449033], [-0.20090702926851361, 0.9796103131299198, 0.0, 406.9685381264491], [0.0, 0.0, 1.0, 708.4810320770974], [0.0, 0.0, 0.0, 1.0]], "pier_correction": -4.0, "metrics": [{"element": "X", "absmean": 0.5365143131738377, "stddev": 0.7246802312326883}, {"element": "Y", "absmean": 1.3338248076759354, "stddev": 2.1390294659087816}, {"element": "Z", "absmean": 0.7020521498941688, "stddev": 0.8991572596148847}, {"element": "dF", "absmean": 0.47978562187806045, "stddev": 0.5128104930705225}], "starttime": null, "endtime": null, "time": null}