{
    "matrix":[
        [
            0.9834275767090617,
            -0.15473074200902157,
            0.027384986324932026,
            -1276.164681191976
        ],
        [
            0.16680172992706568,
            0.987916201012128,
            -0.0049868332295851525,
            -0.8458192581350419
        ],
        [
            -0.006725053082782385,
            -0.011809351484171948,
            0.9961869012493976,
            905.3800885796844
        ],
        [0, 0, 0, 1]
    ],
    "pier_correction": -22
}