{"utc": [1572566400.0], "M": [[0.982779837283398, -0.1847803870252956, 0.0, 50.394210236635764], [0.18478038702529562, 0.9827798372833981, 0.0, -750.6964090039248], [0.0, 0.0, 1.0, 577.4055827661293], [0.0, 0.0, 0.0, 1.0]], "pc": [[-22.0, -22.0]]}
