{"timestamps": [1572566400.0, 1573171200.0, 1573776000.0, 1574380800.0, 1574985600.0, 1575590400.0, 1576195200.0, 1576800000.0, 1577404800.0, 1578009600.0, 1578614400.0, 1579219200.0, 1579824000.0, 1580428800.0], "matrix": [[0.9871097009314467, -0.16004511341190467, 0.0, -37.511849255164805], [0.16004511341190483, 0.987109700931447, 0.0, -235.4457568796662], [0.0, 0.0, 1.0, 577.0756736370693], [0.0, 0.0, 0.0, 1.0]], "pc": [[-21.999999999999996, -22.0], [-22.0, -21.999999999999993], [-22.000000000000004, -21.999999999999996], [-22.0, -22.0], [-21.999999999999996, -21.999999999999996], [-22.0, -22.000000000000004], [-21.999999999999996, -21.999999999999993], [-21.999999999999996, -22.0], [-22.0, -22.0], [-22.0, -22.000000000000004], [-22.0, -21.999999999999996], [-21.999999999999996, -22.0], [-21.999999999999996, -22.0], [-22.0, -22.0]]}