{"utc": [1572566400.0, 1573171200.0, 1573776000.0, 1574380800.0, 1574985600.0, 1575590400.0, 1576195200.0, 1576800000.0, 1577404800.0, 1578009600.0, 1578614400.0, 1579219200.0, 1579824000.0, 1580428800.0], "M": [[[0.9841980584144114, -0.17707112077722834, 0.0, 21.299054173690934], [0.17707112077722773, 0.9841980584144118, 0.0, -590.0593348189517], [0.0, 0.0, 1.0, 577.1726804427047], [0.0, 0.0, 0.0, 1.0]], [[0.9862789438593202, -0.1650873856469475, 0.0, -21.96930164917458], [0.1650873856469476, 0.9862789438593202, 0.0, -338.5220209652398], [0.0, 0.0, 1.0, 577.3291257179811], [0.0, 0.0, 0.0, 1.0]], [[0.9868180721043974, -0.16183353350946586, 0.0, -32.930569280884264], [0.16183353350946555, 0.9868180721043974, 0.0, -272.57414851023987], [0.0, 0.0, 1.0, 577.5130166196902], [0.0, 0.0, 0.0, 1.0]], [[0.9870306254792979, -0.16053206647254872, 0.0, -37.12063081593727], [0.160532066472549, 0.9870306254792981, 0.0, -245.34347932190397], [0.0, 0.0, 1.0, 577.4953339759405], [0.0, 0.0, 0.0, 1.0]], [[0.9859614694020957, -0.1669729943866995, 0.0, -14.427487128573667], [0.16697299438669955, 0.9859614694020955, 0.0, -380.4617229224813], [0.0, 0.0, 1.0, 577.2154615593286], [0.0, 0.0, 0.0, 1.0]], [[0.9871191315525296, -0.1599869373510866, 0.0, -37.552850655344294], [0.15998693735108674, 0.9871191315525294, 0.0, -235.07955540691572], [0.0, 0.0, 1.0, 577.2569675551619], [0.0, 0.0, 0.0, 1.0]], [[0.9863300145308425, -0.16478198456016807, 0.0, -21.666067156329618], [0.1647819845601679, 0.9863300145308426, 0.0, -335.01264151496815], [0.0, 0.0, 1.0, 577.2775308585723], [0.0, 0.0, 0.0, 1.0]], [[0.9869588966574858, -0.16097247065457224, 0.0, -34.208866912869134], [0.16097247065457207, 0.9869588966574863, 0.0, -255.07927306724065], [0.0, 0.0, 1.0, 577.7473165139924], [0.0, 0.0, 0.0, 1.0]], [[0.9874711413684588, -0.15779969887320738, 0.0, -44.16838139688891], [0.15779969887320777, 0.9874711413684584, 0.0, -188.96638187193005], [0.0, 0.0, 1.0, 577.91470877669], [0.0, 0.0, 0.0, 1.0]], [[0.9860004605425757, -0.16674259146909692, 0.0, -13.679838869412256], [0.1667425914690969, 0.9860004605425751, 0.0, -374.8737406611576], [0.0, 0.0, 1.0, 577.8888623614705], [0.0, 0.0, 0.0, 1.0]], [[0.9863209698929457, -0.16483611360815456, 0.0, -19.899159604446613], [0.1648361136081547, 0.9863209698929452, 0.0, -335.4865381536899], [0.0, 0.0, 1.0, 577.8635880922781], [0.0, 0.0, 0.0, 1.0]], [[0.9864801956247771, -0.16388051635293008, 0.0, -23.363269571082828], [0.16388051635293008, 0.9864801956247765, 0.0, -315.5057518385161], [0.0, 0.0, 1.0, 578.0649084873531], [0.0, 0.0, 0.0, 1.0]], [[0.9875378285181738, -0.15738181993359696, 0.0, -44.92194329417005], [0.157381819933597, 0.9875378285181733, 0.0, -180.8378739649987], [0.0, 0.0, 1.0, 578.2345073147621], [0.0, 0.0, 0.0, 1.0]], [[0.9873462968377212, -0.1585789712441082, 0.0, -40.729956312740775], [0.15857897124410833, 0.9873462968377208, 0.0, -205.2722199036162], [0.0, 0.0, 1.0, 577.993559989513], [0.0, 0.0, 0.0, 1.0]]], "pc": [[-21.999999999999996, -22.0], [-21.999999999999996, -22.0], [-21.999999999999996, -22.0], [-22.0, -22.0], [-22.0, -22.0], [-21.999999999999996, -22.0], [-22.000000000000004, -21.999999999999996], [-22.0, -21.999999999999996], [-22.000000000000004, -22.0], [-22.0, -22.0], [-22.0, -22.0], [-22.0, -22.0], [-22.000000000000004, -21.999999999999996], [-22.0, -21.999999999999993]]}
