{"timestamps": [1572566400.0, 1573171200.0, 1573776000.0, 1574380800.0, 1574985600.0, 1575590400.0, 1576195200.0, 1576800000.0, 1577404800.0, 1578009600.0, 1578614400.0, 1579219200.0, 1579824000.0, 1580428800.0], "matrix": [[0.9841980584144114, -0.17707112077722834, 0.0, 21.299054173690934], [0.17707112077722773, 0.9841980584144118, 0.0, -590.0593348189517], [0.0, 0.0, 1.0, 577.1726804427047], [0.0, 0.0, 0.0, 1.0]], "pc": [[-21.999999999999996, -22.0], [-21.999999999999996, -22.0], [-21.999999999999996, -22.0], [-22.0, -22.0], [-22.0, -22.0], [-21.999999999999996, -22.0], [-22.000000000000004, -21.999999999999996], [-22.0, -21.999999999999996], [-22.000000000000004, -22.0], [-22.0, -22.0], [-22.0, -22.0], [-22.0, -22.0], [-22.000000000000004, -21.999999999999996], [-22.0, -21.999999999999993]]}