{"utc": [1572566400.0, 1573171200.0, 1573776000.0, 1574380800.0, 1574985600.0, 1575590400.0, 1576195200.0, 1576800000.0, 1577404800.0, 1578009600.0, 1578614400.0, 1579219200.0, 1579824000.0, 1580428800.0], "M": [[[0.9871097009314467, -0.16004511341190467, 0.0, -37.511849255164805], [0.16004511341190483, 0.987109700931447, 0.0, -235.4457568796662], [0.0, 0.0, 1.0, 577.0756736370693], [0.0, 0.0, 0.0, 1.0]], [[0.983314127911998, -0.18191571083518093, 0.0, 39.47155018108392], [0.18191571083518096, 0.9833141279119971, 0.0, -687.6882471353883], [0.0, 0.0, 1.0, 576.7942725719031], [0.0, 0.0, 0.0, 1.0]], [[0.9833141279119977, -0.18191571083518102, 0.0, 39.471550181090976], [0.18191571083518107, 0.9833141279119972, 0.0, -687.6882471353906], [0.0, 0.0, 1.0, 576.7942725719031], [0.0, 0.0, 0.0, 1.0]], [[0.9851538020327897, -0.17167407008730542, 0.0, 0.7195450827020984], [0.17167407008730545, 0.985153802032789, 0.0, -478.0074382663735], [0.0, 0.0, 1.0, 577.3916751331093], [0.0, 0.0, 0.0, 1.0]], [[0.9847280751919824, -0.17409944838710265, 0.0, 9.46491884112513], [0.17409944838710265, 0.9847280751919824, 0.0, -527.4922171037747], [0.0, 0.0, 1.0, 577.5584135956137], [0.0, 0.0, 0.0, 1.0]], [[0.9901118679697742, -0.14028003744440923, 0.0, -98.03252747455716], [0.14028003744440917, 0.9901118679697746, 0.0, 175.26602768706883], [0.0, 0.0, 1.0, 577.1018879032138], [0.0, 0.0, 0.0, 1.0]], [[0.9901118679697742, -0.14028003744440923, 0.0, -98.03252747455716], [0.1402800374444092, 0.9901118679697746, 0.0, 175.26602768706834], [0.0, 0.0, 1.0, 577.1018879032138], [0.0, 0.0, 0.0, 1.0]], [[0.9919258591858662, -0.12681912268416584, 0.0, -134.53546777305382], [0.12681912268416606, 0.9919258591858664, 0.0, 455.9929230025889], [0.0, 0.0, 1.0, 577.279558981481], [0.0, 0.0, 0.0, 1.0]], [[0.9903692399859244, -0.13845132173331787, 0.0, -102.64034148096148], [0.1384513217333179, 0.9903692399859242, 0.0, 213.39740145429747], [0.0, 0.0, 1.0, 577.8077879580178], [0.0, 0.0, 0.0, 1.0]], [[0.9903692399859242, -0.13845132173331787, 0.0, -102.6403414809573], [0.13845132173331787, 0.9903692399859242, 0.0, 213.39740145429792], [0.0, 0.0, 1.0, 577.8077879580178], [0.0, 0.0, 0.0, 1.0]], [[0.9911646910710129, -0.13263692990303616, 0.0, -119.05506248263204], [0.13263692990303597, 0.9911646910710129, 0.0, 335.4583285961499], [0.0, 0.0, 1.0, 578.1774527764944], [0.0, 0.0, 0.0, 1.0]], [[0.9914203103131642, -0.13071254070879684, 0.0, -123.47878103057063], [0.13071254070879676, 0.9914203103131644, 0.0, 375.04180207316716], [0.0, 0.0, 1.0, 578.0939187358629], [0.0, 0.0, 0.0, 1.0]], [[0.9921315874452739, -0.12519949358252275, 0.0, -137.60006615600244], [0.1251994935825226, 0.9921315874452742, 0.0, 488.3687142412409], [0.0, 0.0, 1.0, 578.4413328140095], [0.0, 0.0, 0.0, 1.0]], [[0.9886249098255323, -0.15040208666257698, 0.0, -66.83290795907212], [0.15040208666257696, 0.9886249098255329, 0.0, -35.37056652586703], [0.0, 0.0, 1.0, 578.2320125532879], [0.0, 0.0, 0.0, 1.0]]], "pc": [[-21.999999999999996, -22.0], [-22.0, -21.999999999999993], [-22.000000000000004, -21.999999999999996], [-22.0, -22.0], [-21.999999999999996, -21.999999999999996], [-22.0, -22.000000000000004], [-21.999999999999996, -21.999999999999993], [-21.999999999999996, -22.0], [-22.0, -22.0], [-22.0, -22.000000000000004], [-22.0, -21.999999999999996], [-21.999999999999996, -22.0], [-21.999999999999996, -22.0], [-22.0, -22.0]]}
