{
    "variables": {
        "h_ord": [
            1.79289322,
            1.83983806,
            1.91024109,
            2.51489726,
            1.78952971,
            2.81157403,
            2.36417497,
            2.43864844,
            3.25364394,
            2.27479228,
            3.47800226,
            2.95694665,
            3.03482926,
            3.84541634,
            2.92632734,
            4.01635411,
            3.59456862,
            3.69312428,
            4.27043672,
            3.82250402
        ],
        "e_ord": [
            4.46592583,
            3.99414122,
            4.86042918,
            4.08398446,
            4.06789278,
            4.89701546,
            3.29221074,
            4.91313376,
            3.76430406,
            3.77979418,
            4.76896396,
            2.98259167,
            4.69899703,
            3.54330923,
            3.56461527,
            4.43474537,
            2.93993354,
            4.24945532,
            3.43005774,
            3.46078181
        ],
        "z_ord": [
            2.24118095,
            2.17339265,
            2.88988358,
            1.74783897,
            3.18842428,
            2.36825251,
            2.39116112,
            3.56453372,
            1.85923781,
            3.7224498,
            2.71235632,
            2.74095046,
            3.96752743,
            2.26503334,
            4.0367477,
            3.13361064,
            3.18331114,
            4.12716967,
            3.00224898,
            4.03024472
        ],
        "x_abs": [
            -1,
            -0.899979996,
            -0.799959992,
            -0.699939988,
            -0.599919984,
            -0.49989998,
            -0.399879976,
            -0.299859972,
            -0.199839968,
            -0.099819964,
            0.000200040008,
            0.100220044,
            0.200240048,
            0.300260052,
            0.400280056,
            0.50030006,
            0.600320064,
            0.700340068,
            0.800360072,
            0.900380076
        ],
        "y_abs": [
            0,
            -0.35248241,
            0.18456572,
            0.22223661,
            -0.64867776,
            0.86607699,
            -0.7390734,
            0.29000341,
            0.30840017,
            -0.80892729,
            0.99997154,
            -0.80006479,
            0.29431378,
            0.30363751,
            -0.74702288,
            0.8657967,
            -0.64130022,
            0.211858,
            0.19298425,
            -0.35563497
        ],
        "z_abs": [
            0,
            -0.25649982,
            0.57096366,
            -0.67874509,
            0.46830885,
            0.0032657,
            -0.54209456,
            0.90883553,
            -0.93002867,
            0.57937261,
            0.00754126,
            -0.59148311,
            0.93449629,
            -0.904239,
            0.53078497,
            0.00979431,
            -0.47785966,
            0.68164505,
            -0.56760976,
            0.25067805
        ]
    },
    "results": {
        "LeastSq": [
            [
                0.5364919027495736,
                -0.20707814501736121,
                0.33725290893445425,
                -1.7929218549826373
            ],
            [
                0.5325045930544003,
                0.847092478025647,
                -0.32696549213267934,
                -4.004987214867749
            ],
            [
                -0.25884768127170443,
                0.4215661361680674,
                0.6706148784369698,
                -2.921566136168065
            ],
            [
                0,
                0,
                0,
                1
            ]
        ],
        "ZRotationShear": [
            [
                0.5587910280835219,
                -0.1593988978820583,
                0,
                -0.9594702768899068
            ],
            [
                0.5108856705906101,
                0.8008676180137191,
                0,
                -4.813015546664324
            ],
            [
                0,
                0,
                0.7036074465845426,
                -2.273788534881388
            ],
            [
                0,
                0,
                0,
                1
            ]
        ],
        "ZRotationHscale": [
            [
                0.6395521012137755,
                -0.3193786953272828,
                0,
                -0.6145604575448345
            ],
            [
                0.3193786953272828,
                0.6395521012137755,
                0,
                -3.550295624100921
            ],
            [
                0,
                0,
                0.7036074465845424,
                -2.2737885348813887
            ],
            [
                0,
                0,
                0,
                1
            ]
        ],
        "ZRotationHscaleZbaseline": [
            [
                0.053926953353156136,
                0.03582167951143748,
                0,
                0
            ],
            [
                -0.03582167951143748,
                0.053926953353156136,
                0,
                0
            ],
            [
                0,
                0,
                1,
                -3.2332029498017487
            ],
            [
                0,
                0,
                0,
                1
            ]
        ],
        "RotationTranslation3D": [
            [
                0.8100811050998874,
                -0.3030939677547838,
                0.5018990435045756,
                -2.8734904692082317
            ],
            [
                0.4979757275740692,
                0.8075341522117618,
                -0.3160834822617412,
                -3.7722406528522203
            ],
            [
                -0.3094976218119015,
                0.5059867979723319,
                0.8051015975456041,
                -3.511977037527143
            ],
            [
                0,
                0,
                0,
                1
            ]
        ],
        "Rescale3D": [
            [
                0.10754195315849033,
                0,
                0,
                0
            ],
            [
                0,
                0.012787625579547376,
                0,
                0
            ],
            [
                0,
                0,
                0.032798154583522594,
                0
            ],
            [
                0,
                0,
                0,
                1
            ]
        ],
        "TranslateOrigins": [
            [
                1,
                0,
                0,
                -3.0518410718922895
            ],
            [
                0,
                1,
                0,
                -3.8667699341149695
            ],
            [
                0,
                0,
                1,
                -3.2332029498017487
            ],
            [
                0,
                0,
                0,
                1
            ]
        ],
        "ShearYZ": [
            [
                1,
                0,
                0,
                0
            ],
            [
                -0.6692050417082805,
                1,
                0,
                0
            ],
            [
                0.35315324212931615,
                -0.06394207042397665,
                1,
                0
            ],
            [
                0,
                0,
                0,
                1
            ]
        ],