{"zero": [[0.5364919027495764, -0.20707814501736455, 0.3372529089344527, -1.7929218549826358], [0.532504593054401, 0.8470924780256476, -0.3269654921326787, -4.004987214867758], [-0.2588476812717039, 0.4215661361680678, 0.6706148784369707, -2.9215661361680687], [0.0, 0.0, 0.0, 1.0]], "one": [[0.623705221351958, -0.16841150209489725, 0.0, -1.2028974670750636], [0.4479515917846801, 0.8096053056474853, 0.0, -4.577013754155448], [0.0, 0.0, 0.6098875103018411, -1.809849332552786], [0.0, 0.0, 0.0, 1.0]], "two": [[0.6561504712144426, -0.31217620673287216, 0.0, -0.7215676859558748], [0.31217620673287216, 0.6561504712144426, 0.0, -3.563702076556801], [0.0, 0.0, 0.6098875103018406, -1.809849332552785], [0.0, 0.0, 0.0, 1.0]], "three": [[0.016821600812797096, -0.01778941712811468, 0.0, 0.0], [0.01778941712811468, 0.016821600812797096, 0.0, 0.0], [0.0, 0.0, 1.0, -2.9674214586052265], [0.0, 0.0, 0.0, 1.0]], "four": [[0.8054252079416996, -0.31075264909884437, 0.5047009267775519, -2.662452958809875], [0.5054022574334629, 0.804909769980755, -0.3109482599576447, -3.803929616959254], [-0.309610711367079, 0.5055225546576319, 0.8053497092190405, -3.5091860177384517], [0.0, 0.0, 0.0, 1.0]], "five": [[0.02758794737157335, 0.0, 0.0, 0.0], [0.0, 0.010807638086966475, 0.0, 0.0], [0.0, 0.0, 0.03534928189623147, 0.0], [0.0, 0.0, 0.0, 1.0]], "six": [[1.0, 0.0, 0.0, -2.9812470914161855], [0.0, 1.0, 0.0, -4.02728108273549], [0.0, 0.0, 1.0, -2.9674214586052265], [0.0, 0.0, 0.0, 1.0]], "seven": [[1.0, 0.0, 0.0, 0.0], [-1.3484311868544543, 1.0, 0.0, 0.0], [0.5519469765286653, -0.10894882663577743, 1.0, 0.0], [0.0, 0.0, 0.0, 1.0]], "eight": [[0.9030081198758902, -0.4296234810135611, 0.0, -0.9742971123340419], [0.4296234810135612, 0.9030081198758901, 0.0, -4.897795293523813], [0.0, 0.0, 1.0, -2.9674214586052274], [0.0, 0.0, 0.0, 1.0]], "nine": [[0.8122230186734241, -0.22848881373914198, 0.0, -1.51463869998581], [0.5833470390231107, 1.0670858952888813, 0.0, -6.006314806000902], [0.0, 0.0, 1.0, -2.9674214586052274], [0.0, 0.0, 0.0, 1.0]]}