{"timestamps": [1572566400.0, 1573171200.0, 1573776000.0, 1574380800.0, 1574985600.0, 1575590400.0, 1576195200.0, 1576800000.0, 1577404800.0, 1578009600.0, 1578614400.0, 1579219200.0, 1579824000.0, 1580428800.0], "matrix": [[0.982779837283398, -0.1847803870252956, 0.0, 50.394210236635764], [0.18478038702529562, 0.9827798372833981, 0.0, -750.6964090039248], [0.0, 0.0, 1.0, 577.4055827661293], [0.0, 0.0, 0.0, 1.0]], "pc": [[-22.0, -22.0], [-22.0, -22.0], [-22.0, -22.0], [-22.0, -22.0], [-22.0, -22.0], [-22.0, -22.0], [-22.0, -22.0], [-22.0, -22.0], [-22.0, -22.0], [-22.0, -22.0], [-22.0, -22.0], [-22.0, -22.0], [-22.0, -22.0], [-22.0, -22.0]]}